{
    "train": {
        "accuracy": 0.2975888019995466,
        "loss": 9.403337669016874
    },
    "val": {
        "accuracy": 0.14964577735425344,
        "loss": 9.630320657235
    }
}
