{
    "train": {
        "accuracy": 9.543490244067884,
        "loss": 0.26142947521208104
    },
    "val": {
        "accuracy": 9.28403075715509,
        "loss": 0.5155521398857645
    },
    "step": 9
}
