step	accuracy
0	0.7289978942331153
1	1.4703672013562485
2	2.2818637991769597
3	3.5927551848473165
4	4.770545679056312
5	5.700787430162103
6	6.604572349445629
7	7.794817930521531
8	8.618830878884614
9	9.543490244067884
