step	loss
0	9.480531760809852
1	8.552368648460252
2	7.308187391100007
3	6.506851522359186
4	5.434266363489845
5	4.92121484854873
6	3.387769812906002
7	2.0265712921754724
8	1.3467260454299033
9	0.26142947521208104
